{
	"info": {
		"_postman_id": "b151e080-ddfd-4f21-8bb2-02d814049594",
		"name": "gameStore",
		"schema": "https://schema.getpostman.com/json/collection/v2.1.0/collection.json",
		"_exporter_id": "41846103"
	},
	"item": [
		{
			"name": "users",
			"item": [
				{
					"name": "/api/users",
					"protocolProfileBehavior": {
						"disableBodyPruning": true
					},
					"request": {
						"method": "GET",
						"header": [],
						"body": {
							"mode": "raw",
							"raw": ""
						},
						"url": {
							"raw": "https://localhost:3000/api/users",
							"protocol": "https",
							"host": [
								"localhost"
							],
							"port": "3000",
							"path": [
								"api",
								"users"
							]
						}
					},
					"response": []
				},
				{
					"name": "/api/users/{id}",
					"protocolProfileBehavior": {
						"disableBodyPruning": true
					},
					"request": {
						"method": "GET",
						"header": [],
						"body": {
							"mode": "raw",
							"raw": ""
						},
						"url": {
							"raw": "https://localhost:3000/api/users/1",
							"protocol": "https",
							"host": [
								"localhost"
							],
							"port": "3000",
							"path": [
								"api",
								"users",
								"1"
							]
						}
					},
					"response": []
				},
				{
					"name": "/api/users/{id}",
					"request": {
						"method": "PUT",
						"header": [],
						"body": {
							"mode": "raw",
							"raw": "{\r\n    \"username\": \"Alex2\",\r\n    \"email\": \"alex@test1.com\",\r\n    \"password\": \"dcs5dSS!rxqxsqs\"\r\n}\r\n",
							"options": {
								"raw": {
									"language": "json"
								}
							}
						},
						"url": {
							"raw": "https://localhost:3000/api/users/1",
							"protocol": "https",
							"host": [
								"localhost"
							],
							"port": "3000",
							"path": [
								"api",
								"users",
								"1"
							]
						}
					},
					"response": []
				},
				{
					"name": "/api/users/{id}",
					"request": {
						"method": "DELETE",
						"header": [],
						"url": {
							"raw": "https://localhost:3000/api/users/2",
							"protocol": "https",
							"host": [
								"localhost"
							],
							"port": "3000",
							"path": [
								"api",
								"users",
								"2"
							]
						}
					},
					"response": []
				}
			]
		},
		{
			"name": "comments",
			"item": [
				{
					"name": "/api/comments",
					"protocolProfileBehavior": {
						"disableBodyPruning": true
					},
					"request": {
						"method": "GET",
						"header": [],
						"body": {
							"mode": "raw",
							"raw": "{\r\n    \"username\": \"Alice\",\r\n    \"email\": \"alice@test2.com\",\r\n    \"password\": \"<hashed_pwd>\"\r\n}"
						},
						"url": {
							"raw": "https://localhost:3000/api/comments",
							"protocol": "https",
							"host": [
								"localhost"
							],
							"port": "3000",
							"path": [
								"api",
								"comments"
							]
						}
					},
					"response": []
				},
				{
					"name": "/api/comments/{id}",
					"request": {
						"method": "GET",
						"header": [],
						"url": {
							"raw": "https://localhost:3000/api/comments/1",
							"protocol": "https",
							"host": [
								"localhost"
							],
							"port": "3000",
							"path": [
								"api",
								"comments",
								"1"
							]
						}
					},
					"response": []
				},
				{
					"name": "/api/comments",
					"request": {
						"method": "POST",
						"header": [],
						"body": {
							"mode": "raw",
							"raw": "{\r\n    \"content\": \"Très bon jeu !\",\r\n    \"note\": 9,\r\n    \"type\": \"review\",\r\n    \"id_user\": 1,\r\n    \"id_game\": 1\r\n}",
							"options": {
								"raw": {
									"language": "json"
								}
							}
						},
						"url": {
							"raw": "https://localhost:3000/api/comments",
							"protocol": "https",
							"host": [
								"localhost"
							],
							"port": "3000",
							"path": [
								"api",
								"comments"
							]
						}
					},
					"response": []
				},
				{
					"name": "/api/comments/{id}",
					"request": {
						"method": "PUT",
						"header": [],
						"body": {
							"mode": "raw",
							"raw": "{\r\n    \"content\": \"Très bon jeu !\",\r\n    \"note\": 10,\r\n    \"type\": \"Très positif\",\r\n    \"id_user\": 1,\r\n    \"id_game\": 1\r\n}",
							"options": {
								"raw": {
									"language": "json"
								}
							}
						},
						"url": {
							"raw": "https://localhost:3000/api/comments/4",
							"protocol": "https",
							"host": [
								"localhost"
							],
							"port": "3000",
							"path": [
								"api",
								"comments",
								"4"
							]
						}
					},
					"response": []
				},
				{
					"name": "/api/comments/{id}",
					"request": {
						"method": "DELETE",
						"header": [],
						"body": {
							"mode": "raw",
							"raw": ""
						},
						"url": {
							"raw": "https://localhost:3000/api/comments/4",
							"protocol": "https",
							"host": [
								"localhost"
							],
							"port": "3000",
							"path": [
								"api",
								"comments",
								"4"
							]
						}
					},
					"response": []
				}
			]
		},
		{
			"name": "games",
			"item": [
				{
					"name": "/api/games",
					"protocolProfileBehavior": {
						"disableBodyPruning": true
					},
					"request": {
						"method": "GET",
						"header": [],
						"body": {
							"mode": "raw",
							"raw": ""
						},
						"url": {
							"raw": "https://localhost:3000/api/games",
							"protocol": "https",
							"host": [
								"localhost"
							],
							"port": "3000",
							"path": [
								"api",
								"games"
							]
						}
					},
					"response": []
				},
				{
					"name": "/api/games/{id}",
					"protocolProfileBehavior": {
						"disableBodyPruning": true
					},
					"request": {
						"method": "GET",
						"header": [],
						"body": {
							"mode": "raw",
							"raw": ""
						},
						"url": {
							"raw": "https://localhost:3000/api/games/1",
							"protocol": "https",
							"host": [
								"localhost"
							],
							"port": "3000",
							"path": [
								"api",
								"games",
								"1"
							]
						}
					},
					"response": []
				},
				{
					"name": "/api/games",
					"request": {
						"method": "POST",
						"header": [],
						"body": {
							"mode": "raw",
							"raw": "{\r\n    \"name\": \"Fnaf\",\r\n    \"price\": \"10.00\",\r\n    \"description\": \"Un jeu qui fait peur\"\r\n}",
							"options": {
								"raw": {
									"language": "json"
								}
							}
						},
						"url": {
							"raw": "https://localhost:3000/api/games",
							"protocol": "https",
							"host": [
								"localhost"
							],
							"port": "3000",
							"path": [
								"api",
								"games"
							]
						}
					},
					"response": []
				},
				{
					"name": "/api/games/{id}",
					"request": {
						"method": "PUT",
						"header": [],
						"body": {
							"mode": "raw",
							"raw": "{\r\n    \"name\": \"Rocket League\",\r\n    \"price\": \"20.00\",\r\n    \"description\": \"Un jeu avec des voitures qui font du foot\"\r\n}",
							"options": {
								"raw": {
									"language": "json"
								}
							}
						},
						"url": {
							"raw": "https://localhost:3000/api/games/1",
							"protocol": "https",
							"host": [
								"localhost"
							],
							"port": "3000",
							"path": [
								"api",
								"games",
								"1"
							]
						}
					},
					"response": []
				},
				{
					"name": "/api/games/{id}",
					"request": {
						"method": "DELETE",
						"header": [],
						"body": {
							"mode": "raw",
							"raw": ""
						},
						"url": {
							"raw": "https://localhost:3000/api/games/2",
							"protocol": "https",
							"host": [
								"localhost"
							],
							"port": "3000",
							"path": [
								"api",
								"games",
								"2"
							]
						}
					},
					"response": []
				}
			]
		},
		{
			"name": "categories",
			"item": [
				{
					"name": "/api/categories",
					"request": {
						"method": "GET",
						"header": [],
						"url": {
							"raw": "https://localhost:3000/api/categories",
							"protocol": "https",
							"host": [
								"localhost"
							],
							"port": "3000",
							"path": [
								"api",
								"categories"
							]
						}
					},
					"response": []
				},
				{
					"name": "/api/categories/{id}",
					"request": {
						"method": "GET",
						"header": [],
						"url": {
							"raw": "https://localhost:3000/api/categories/1",
							"protocol": "https",
							"host": [
								"localhost"
							],
							"port": "3000",
							"path": [
								"api",
								"categories",
								"1"
							]
						}
					},
					"response": []
				},
				{
					"name": "/api/categories",
					"request": {
						"method": "POST",
						"header": [],
						"body": {
							"mode": "raw",
							"raw": "{\r\n    \"name\": \"Multijoueur\"\r\n}",
							"options": {
								"raw": {
									"language": "json"
								}
							}
						},
						"url": {
							"raw": "https://localhost:3000/api/categories",
							"protocol": "https",
							"host": [
								"localhost"
							],
							"port": "3000",
							"path": [
								"api",
								"categories"
							]
						}
					},
					"response": []
				},
				{
					"name": "/api/categories/{id}",
					"request": {
						"method": "PUT",
						"header": [],
						"body": {
							"mode": "raw",
							"raw": "{\r\n    \"name\": \"Multijoueur\"\r\n}",
							"options": {
								"raw": {
									"language": "json"
								}
							}
						},
						"url": {
							"raw": "https://localhost:3000/api/categories/1",
							"protocol": "https",
							"host": [
								"localhost"
							],
							"port": "3000",
							"path": [
								"api",
								"categories",
								"1"
							]
						}
					},
					"response": []
				},
				{
					"name": "/api/categories/{id}",
					"request": {
						"method": "DELETE",
						"header": [],
						"url": {
							"raw": "https://localhost:3000/api/categories/3",
							"protocol": "https",
							"host": [
								"localhost"
							],
							"port": "3000",
							"path": [
								"api",
								"categories",
								"3"
							]
						}
					},
					"response": []
				}
			]
		},
		{
			"name": "profiles",
			"item": [
				{
					"name": "/api/profiles",
					"protocolProfileBehavior": {
						"disableBodyPruning": true
					},
					"request": {
						"method": "GET",
						"header": [],
						"body": {
							"mode": "raw",
							"raw": "",
							"options": {
								"raw": {
									"language": "json"
								}
							}
						},
						"url": {
							"raw": "https://localhost:3000/api/profiles",
							"protocol": "https",
							"host": [
								"localhost"
							],
							"port": "3000",
							"path": [
								"api",
								"profiles"
							]
						}
					},
					"response": []
				},
				{
					"name": "/api/profiles/{id}",
					"protocolProfileBehavior": {
						"disableBodyPruning": true
					},
					"request": {
						"method": "GET",
						"header": [],
						"body": {
							"mode": "raw",
							"raw": ""
						},
						"url": {
							"raw": "https://localhost:3000/api/profiles/1",
							"protocol": "https",
							"host": [
								"localhost"
							],
							"port": "3000",
							"path": [
								"api",
								"profiles",
								"1"
							]
						}
					},
					"response": []
				},
				{
					"name": "/api/profiles",
					"request": {
						"method": "POST",
						"header": [],
						"body": {
							"mode": "raw",
							"raw": "{\r\n    \"userId\": 1,\r\n    \"gamesList\": [\r\n        {\r\n            \"name\": \"Rocket League\"\r\n        },\r\n        {\r\n            \"name\": \"Fnaf\"\r\n        }\r\n    ],\r\n    \"commentHistory\": [\r\n        {\r\n            \"gameId\": 1,\r\n            \"note\": 9,\r\n            \"content\": \"Très bon jeu !\",\r\n            \"type\": \"positif\"\r\n        }\r\n    ]\r\n}",
							"options": {
								"raw": {
									"language": "json"
								}
							}
						},
						"url": {
							"raw": "https://localhost:3000/api/profiles",
							"protocol": "https",
							"host": [
								"localhost"
							],
							"port": "3000",
							"path": [
								"api",
								"profiles"
							]
						}
					},
					"response": []
				},
				{
					"name": "/api/profiles/{id}",
					"request": {
						"method": "PUT",
						"header": [],
						"body": {
							"mode": "raw",
							"raw": "{\r\n    \"userId\": 1,\r\n    \"gamesList\": [\r\n        {\r\n            \"name\": \"Rocket League\"\r\n        },\r\n        {\r\n            \"name\": \"Fnaf 4\"\r\n        }\r\n    ],\r\n    \"commentHistory\": [\r\n        {\r\n            \"gameId\": 1,\r\n            \"note\": 9,\r\n            \"content\": \"Très bon jeu !\",\r\n            \"type\": \"positif\"\r\n        }\r\n    ]\r\n}",
							"options": {
								"raw": {
									"language": "json"
								}
							}
						},
						"url": {
							"raw": "https://localhost:3000/api/profiles/1",
							"protocol": "https",
							"host": [
								"localhost"
							],
							"port": "3000",
							"path": [
								"api",
								"profiles",
								"1"
							]
						}
					},
					"response": []
				},
				{
					"name": "/api/profiles/{id}",
					"request": {
						"method": "DELETE",
						"header": [],
						"body": {
							"mode": "raw",
							"raw": ""
						},
						"url": {
							"raw": "https://localhost:3000/api/profiles/1",
							"protocol": "https",
							"host": [
								"localhost"
							],
							"port": "3000",
							"path": [
								"api",
								"profiles",
								"1"
							]
						}
					},
					"response": []
				}
			]
		},
		{
			"name": "auth",
			"item": [
				{
					"name": "/api/auth/register",
					"request": {
						"method": "POST",
						"header": [],
						"body": {
							"mode": "raw",
							"raw": "{\r\n    \"username\": \"Jean\",\r\n    \"email\": \"jean@test.com\",\r\n    \"password\": \"dnssuhQT45!dezk\"\r\n}\r\n",
							"options": {
								"raw": {
									"language": "json"
								}
							}
						},
						"url": {
							"raw": "https://localhost:3000/api/auth/register",
							"protocol": "https",
							"host": [
								"localhost"
							],
							"port": "3000",
							"path": [
								"api",
								"auth",
								"register"
							]
						}
					},
					"response": []
				},
				{
					"name": "/api/auth/login",
					"request": {
						"method": "POST",
						"header": [],
						"body": {
							"mode": "raw",
							"raw": "{\r\n    \"email\": \"jean@test.com\",\r\n    \"password\": \"dnssuhQT45!dezk\"\r\n}\r\n",
							"options": {
								"raw": {
									"language": "json"
								}
							}
						},
						"url": {
							"raw": "https://localhost:3000/api/auth/login",
							"protocol": "https",
							"host": [
								"localhost"
							],
							"port": "3000",
							"path": [
								"api",
								"auth",
								"login"
							]
						}
					},
					"response": []
				},
				{
					"name": "/api/auth/logout",
					"request": {
						"method": "POST",
						"header": [],
						"url": {
							"raw": "https://localhost:3000/api/auth/logout",
							"protocol": "https",
							"host": [
								"localhost"
							],
							"port": "3000",
							"path": [
								"api",
								"auth",
								"logout"
							]
						}
					},
					"response": []
				}
			]
		}
	],
	"auth": {
		"type": "bearer",
		"bearer": [
			{
				"key": "token",
				"value": "{{token}}",
				"type": "string"
			}
		]
	},
	"event": [
		{
			"listen": "prerequest",
			"script": {
				"type": "text/javascript",
				"packages": {},
				"requests": {},
				"exec": [
					""
				]
			}
		},
		{
			"listen": "test",
			"script": {
				"type": "text/javascript",
				"packages": {},
				"requests": {},
				"exec": [
					""
				]
			}
		}
	]
}